[
  {
    "value": "khushagra",
    "synonyms": [
      "khushagra"
    ]
  },
  {
    "value": "Aadarsh",
    "synonyms": [
      "Aadarsh"
    ]
  },
  {
    "value": "Akhrot",
    "synonyms": [
      "Akhrot"
    ]
  },
  {
    "value": " Prayanshu",
    "synonyms": [
      " Prayanshu"
    ]
  },
  {
    "value": "Mansi",
    "synonyms": [
      "Mansi"
    ]
  },
  {
    "value": "archit",
    "synonyms": [
      "archit"
    ]
  },
  {
    "value": "madhuri",
    "synonyms": [
      "madhuri"
    ]
  }
]