[
  {
    "id": "12e2e2be-c5f1-451d-a993-a5a019a0f8cc",
    "data": [
      {
        "text": "something about you",
        "userDefined": false
      }
    ],
    "isTemplate": false,
    "count": 0,
    "lang": "en",
    "updated": 0
  },
  {
    "id": "9af62b8b-28d9-49b8-8646-20a049ff25fe",
    "data": [
      {
        "text": "about you",
        "userDefined": false
      }
    ],
    "isTemplate": false,
    "count": 0,
    "lang": "en",
    "updated": 0
  },
  {
    "id": "83a73a01-8248-47db-b0bc-ed16b96587e3",
    "data": [
      {
        "text": "how are you doing",
        "userDefined": false
      }
    ],
    "isTemplate": false,
    "count": 0,
    "lang": "en",
    "updated": 0
  },
  {
    "id": "063361d1-b0dc-45e5-858f-41bb6e6772ee",
    "data": [
      {
        "text": "who are you",
        "userDefined": false
      }
    ],
    "isTemplate": false,
    "count": 0,
    "lang": "en",
    "updated": 0
  },
  {
    "id": "ab22f662-1acb-4d62-881a-e8062f2b1236",
    "data": [
      {
        "text": "About yourself",
        "userDefined": false
      }
    ],
    "isTemplate": false,
    "count": 0,
    "lang": "en",
    "updated": 0
  }
]