[
  {
    "id": "a03b9161-a50f-429a-8294-8ae3902efe2d",
    "data": [
      {
        "text": "about your study",
        "userDefined": false
      }
    ],
    "isTemplate": false,
    "count": 0,
    "lang": "en",
    "updated": 0
  },
  {
    "id": "d2963852-f901-42d0-b58c-c72a5304b447",
    "data": [
      {
        "text": "education",
        "userDefined": false
      }
    ],
    "isTemplate": false,
    "count": 0,
    "lang": "en",
    "updated": 0
  },
  {
    "id": "3718bcb0-e311-45dd-af75-c708eb1e1f85",
    "data": [
      {
        "text": "academics",
        "userDefined": false
      }
    ],
    "isTemplate": false,
    "count": 0,
    "lang": "en",
    "updated": 0
  },
  {
    "id": "d658ba65-fdac-4de0-bfe2-d4296fd8ea0a",
    "data": [
      {
        "text": "i ",
        "userDefined": false
      },
      {
        "text": "want to",
        "meta": "@sys.ignore",
        "userDefined": false
      },
      {
        "text": " know about your academics",
        "userDefined": false
      }
    ],
    "isTemplate": false,
    "count": 0,
    "lang": "en",
    "updated": 0
  },
  {
    "id": "358febfa-7a85-4c4e-897f-ac846d852da0",
    "data": [
      {
        "text": "what about your education",
        "userDefined": false
      }
    ],
    "isTemplate": false,
    "count": 0,
    "lang": "en",
    "updated": 0
  },
  {
    "id": "39ec1907-562c-481e-a749-54c7ba2f9530",
    "data": [
      {
        "text": "tell",
        "meta": "@sys.ignore",
        "userDefined": false
      },
      {
        "text": " me about your academics",
        "userDefined": false
      }
    ],
    "isTemplate": false,
    "count": 0,
    "lang": "en",
    "updated": 0
  }
]