[
  {
    "id": "a15c72a5-b7b7-4e3b-95f5-f8918084e48e",
    "data": [
      {
        "text": "chal nikal",
        "meta": "@shit-words",
        "alias": "shit-words",
        "userDefined": true
      }
    ],
    "isTemplate": false,
    "count": 0,
    "lang": "en",
    "updated": 0
  },
  {
    "id": "2cab7a9c-f1a2-41c4-9fcb-d82bde202374",
    "data": [
      {
        "text": "shutup",
        "meta": "@shit-words",
        "alias": "shit-words",
        "userDefined": true
      }
    ],
    "isTemplate": false,
    "count": 0,
    "lang": "en",
    "updated": 0
  },
  {
    "id": "6925b2f2-2d54-43e9-9d69-b6b0cb17446d",
    "data": [
      {
        "text": "don\u0027t want to see you",
        "meta": "@shit-words",
        "alias": "shit-words",
        "userDefined": false
      }
    ],
    "isTemplate": false,
    "count": 0,
    "lang": "en",
    "updated": 0
  },
  {
    "id": "9ce8b53b-e1ec-49d9-bf26-096983f0940b",
    "data": [
      {
        "text": "fuck off",
        "meta": "@shit-words",
        "alias": "shit-words",
        "userDefined": false
      }
    ],
    "isTemplate": false,
    "count": 0,
    "lang": "en",
    "updated": 0
  },
  {
    "id": "b18b3211-4709-40fe-b86f-e8d894a940cb",
    "data": [
      {
        "text": "go to hell",
        "meta": "@shit-words",
        "alias": "shit-words",
        "userDefined": false
      }
    ],
    "isTemplate": false,
    "count": 0,
    "lang": "en",
    "updated": 0
  }
]