[
  {
    "id": "f5d58732-e72e-4b52-b3a2-2ab3b2212450",
    "data": [
      {
        "text": "here ",
        "userDefined": false
      },
      {
        "text": "1234567898",
        "meta": "@sys.phone-number",
        "alias": "phone-number",
        "userDefined": false
      }
    ],
    "isTemplate": false,
    "count": 0,
    "lang": "en",
    "updated": 0
  },
  {
    "id": "037abd86-3977-4945-bc1d-6028bdc34fe9",
    "data": [
      {
        "text": "mobile ",
        "userDefined": false
      },
      {
        "text": "7894561232",
        "meta": "@sys.phone-number",
        "alias": "phone-number",
        "userDefined": false
      }
    ],
    "isTemplate": false,
    "count": 0,
    "lang": "en",
    "updated": 0
  },
  {
    "id": "04bfa43a-0c7c-4148-9871-836402e8bba0",
    "data": [
      {
        "text": "1234567892",
        "meta": "@sys.number",
        "alias": "number",
        "userDefined": false
      }
    ],
    "isTemplate": false,
    "count": 0,
    "lang": "en",
    "updated": 0
  },
  {
    "id": "453c781f-4df9-415a-84d3-a60ed2042919",
    "data": [
      {
        "text": "number ",
        "userDefined": false
      },
      {
        "text": "1234567897",
        "meta": "@sys.phone-number",
        "alias": "phone-number",
        "userDefined": false
      }
    ],
    "isTemplate": false,
    "count": 0,
    "lang": "en",
    "updated": 0
  },
  {
    "id": "a7258a62-a0e1-4976-a5d2-102e24491eb4",
    "data": [
      {
        "text": "my number is ",
        "userDefined": false
      },
      {
        "text": "1234567899",
        "meta": "@sys.phone-number",
        "alias": "phone-number",
        "userDefined": false
      }
    ],
    "isTemplate": false,
    "count": 0,
    "lang": "en",
    "updated": 0
  }
]