[
  {
    "id": "8ab3ebba-3929-40b2-b921-39d5fc7f4c90",
    "data": [
      {
        "text": "can I have a meeting",
        "userDefined": false
      }
    ],
    "isTemplate": false,
    "count": 0,
    "lang": "en",
    "updated": 0
  },
  {
    "id": "3cbbbc0b-3d74-408e-9168-dc6a29b87499",
    "data": [
      {
        "text": "connect",
        "userDefined": false
      }
    ],
    "isTemplate": false,
    "count": 0,
    "lang": "en",
    "updated": 0
  },
  {
    "id": "382dfdaf-ac95-4fc3-902b-4286a012d0f6",
    "data": [
      {
        "text": "contact",
        "userDefined": false
      }
    ],
    "isTemplate": false,
    "count": 0,
    "lang": "en",
    "updated": 0
  },
  {
    "id": "f085fdee-e257-476c-890a-cdbfb25a20f3",
    "data": [
      {
        "text": "what are your contact details",
        "userDefined": false
      }
    ],
    "isTemplate": false,
    "count": 0,
    "lang": "en",
    "updated": 0
  },
  {
    "id": "de0e83a0-a3e7-4ac8-a239-5bc3856aa531",
    "data": [
      {
        "text": "I ",
        "userDefined": false
      },
      {
        "text": "want to",
        "meta": "@sys.ignore",
        "userDefined": false
      },
      {
        "text": " hire you",
        "userDefined": false
      }
    ],
    "isTemplate": false,
    "count": 0,
    "lang": "en",
    "updated": 0
  },
  {
    "id": "9a2ce917-c05c-4427-bb01-fb37d632027d",
    "data": [
      {
        "text": "how to connect with you",
        "userDefined": false
      }
    ],
    "isTemplate": false,
    "count": 0,
    "lang": "en",
    "updated": 0
  },
  {
    "id": "041aafa1-3c22-4df0-8fd0-f6cbe16b01a7",
    "data": [
      {
        "text": "your contact details",
        "userDefined": false
      }
    ],
    "isTemplate": false,
    "count": 0,
    "lang": "en",
    "updated": 0
  },
  {
    "id": "32a557d0-bb1d-42bd-99d6-f17b6a9ba0d3",
    "data": [
      {
        "text": "I ",
        "userDefined": false
      },
      {
        "text": "want to",
        "meta": "@sys.ignore",
        "userDefined": false
      },
      {
        "text": " contact you",
        "userDefined": false
      }
    ],
    "isTemplate": false,
    "count": 0,
    "lang": "en",
    "updated": 0
  }
]