[
  {
    "id": "5ca5da6a-5c36-426b-9cb2-7cc143b18b14",
    "data": [
      {
        "text": "prayanshusharma7@gmail.com",
        "meta": "@sys.email",
        "alias": "email",
        "userDefined": true
      }
    ],
    "isTemplate": false,
    "count": 0,
    "lang": "en",
    "updated": 0
  },
  {
    "id": "9d8d74dc-c0d0-47f3-a5e5-92df314c6b93",
    "data": [
      {
        "text": "my email is ",
        "userDefined": false
      },
      {
        "text": "prayanshusharma7@gmail.com",
        "meta": "@sys.email",
        "alias": "email",
        "userDefined": true
      }
    ],
    "isTemplate": false,
    "count": 0,
    "lang": "en",
    "updated": 0
  }
]