[
  {
    "id": "c820935f-a8bc-4a87-bc3a-b69a6876273b",
    "data": [
      {
        "text": "want to know about your skills",
        "userDefined": false
      }
    ],
    "isTemplate": false,
    "count": 0,
    "lang": "en",
    "updated": 0
  },
  {
    "id": "2149bca6-65ba-47b4-b087-1c034ea4370f",
    "data": [
      {
        "text": "about skills",
        "userDefined": false
      }
    ],
    "isTemplate": false,
    "count": 0,
    "lang": "en",
    "updated": 0
  },
  {
    "id": "5a4dbe5c-2534-4e5e-9fd1-be75b2ea01b3",
    "data": [
      {
        "text": "tell",
        "meta": "@sys.ignore",
        "userDefined": false
      },
      {
        "text": " me about your skills",
        "userDefined": false
      }
    ],
    "isTemplate": false,
    "count": 0,
    "lang": "en",
    "updated": 0
  },
  {
    "id": "81f7abec-deaa-45b7-8c18-b85fe1094b24",
    "data": [
      {
        "text": "skills",
        "userDefined": false
      }
    ],
    "isTemplate": false,
    "count": 0,
    "lang": "en",
    "updated": 0
  },
  {
    "id": "7261f073-de2a-4c60-b086-cadc9b404246",
    "data": [
      {
        "text": "skill",
        "userDefined": false
      }
    ],
    "isTemplate": false,
    "count": 0,
    "lang": "en",
    "updated": 0
  },
  {
    "id": "feeb4a44-6307-4fdd-9051-3291b935a9a7",
    "data": [
      {
        "text": "what are your skills",
        "userDefined": false
      }
    ],
    "isTemplate": false,
    "count": 0,
    "lang": "en",
    "updated": 0
  }
]