[
  {
    "id": "a3ba60db-1409-44c2-8f9b-0664c90c1e92",
    "data": [
      {
        "text": "what is your handle",
        "userDefined": false
      }
    ],
    "isTemplate": false,
    "count": 0,
    "lang": "en",
    "updated": 0
  },
  {
    "id": "21d178ef-b4d8-4598-87d7-9c2bc79cbee1",
    "data": [
      {
        "text": "how to connect you socially",
        "userDefined": false
      }
    ],
    "isTemplate": false,
    "count": 0,
    "lang": "en",
    "updated": 0
  },
  {
    "id": "80dd8cc0-41ea-4802-a011-cbb744189e4c",
    "data": [
      {
        "text": "What is your social handle",
        "userDefined": false
      }
    ],
    "isTemplate": false,
    "count": 0,
    "lang": "en",
    "updated": 0
  }
]