[
  {
    "id": "b9608e84-1283-4e9d-9191-0e5b65cfaba8",
    "data": [
      {
        "text": "your experience in field",
        "userDefined": false
      }
    ],
    "isTemplate": false,
    "count": 0,
    "lang": "en",
    "updated": 0
  },
  {
    "id": "d257f8b1-677d-458a-b7f5-c96b8c321511",
    "data": [
      {
        "text": "experience",
        "userDefined": false
      }
    ],
    "isTemplate": false,
    "count": 0,
    "lang": "en",
    "updated": 0
  },
  {
    "id": "10af2a94-3264-4d71-a2fc-ff49b20230ca",
    "data": [
      {
        "text": "tell",
        "meta": "@sys.ignore",
        "userDefined": false
      },
      {
        "text": " me about your work experience",
        "userDefined": false
      }
    ],
    "isTemplate": false,
    "count": 0,
    "lang": "en",
    "updated": 0
  },
  {
    "id": "938aef49-3caa-450a-bb8c-3f30ee293632",
    "data": [
      {
        "text": "about your work",
        "userDefined": false
      }
    ],
    "isTemplate": false,
    "count": 0,
    "lang": "en",
    "updated": 0
  }
]